{
    "log": [
        {
            "email": "Edgar@gmail.com",
            "password": "passeEdgar",
            "date": "2022-02-26 12:52:50"
        },
        {
            "email": "Edgar@gmail.com",
            "password": "passeEdgar",
            "date": "2022-02-26 12:52:57"
        },
        {
            "email": "Edgar@gmail.com",
            "password": "passeEdgar",
            "date": "2022-02-26 12:57:59"
        },
        {
            "email": "Edgar@gmail.com",
            "password": "passeEdgar",
            "date": "2022-03-06 22:17:01"
        },
        {
            "email": "Edgar@gmail.com",
            "password": "passeEdgar",
            "date": "2022-03-06 22:38:37"
        },
        {
            "email": "Edgar@gmail.com",
            "password": "passeEdgar",
            "date": "2022-03-06 23:04:08"
        },
        {
            "email": "Edgar@gmail.com",
            "password": "passeEdgar",
            "date": "2022-03-06 23:15:21"
        },
        {
            "email": "Edgar@gmail.com",
            "password": "passeEdgar",
            "date": "2022-03-06 23:16:15"
        },
        {
            "email": "Edgar@gmail.com",
            "password": "passeEdgar",
            "date": "2022-03-06 23:16:41"
        },
        {
            "email": "Edgar@gmail.com",
            "password": "passeEdgar",
            "date": "2022-03-06 23:17:09"
        },
        {
            "email": "Edgar@gmail.com",
            "password": "passeEdgar",
            "date": "2022-03-06 23:17:27"
        },
        {
            "email": "Edgar@gmail.com",
            "password": "passeEdgar",
            "date": "2022-03-06 23:18:17"
        },
        {
            "email": "Edgar@gmail.com",
            "password": "passeEdgar",
            "date": "2022-03-06 23:19:21"
        },
        {
            "email": "Edgar@gmail.com",
            "password": "passeEdgar",
            "date": "2022-03-06 23:19:42"
        },
        {
            "email": "Edgar@gmail.com",
            "password": "passeEdgar",
            "date": "2022-03-06 23:19:47"
        },
        {
            "email": "Edgar@gmail.com",
            "password": "passeEdgar",
            "date": "2022-03-06 23:23:31"
        },
        {
            "email": "Edgar@gmail.com",
            "password": "passeEdgar",
            "date": "2022-03-06 23:24:19"
        },
        {
            "email": "Edgar@gmail.com",
            "password": "passeEdgar",
            "date": "2022-03-06 23:24:35"
        },
        {
            "email": "Edgar@gmail.com",
            "password": "passeEdgar",
            "date": "2022-03-06 23:25:05"
        },
        {
            "email": "Edgar@gmail.com",
            "password": "passeEdgar",
            "date": "2022-03-06 23:25:10"
        },
        {
            "email": "Edgar@gmail.com",
            "password": "passeEdgar",
            "date": "2022-03-06 23:25:34"
        },
        {
            "email": "Edgar@gmail.com",
            "password": "passeEdgar",
            "date": "2022-03-06 23:26:14"
        },
        {
            "email": "Edgar@gmail.com",
            "password": "passeEdgar",
            "date": "2022-03-06 23:26:34"
        },
        {
            "email": "Edgar@gmail.com",
            "password": "passeEdgar",
            "date": "2022-03-06 23:26:38"
        },
        {
            "email": "Edgar@gmail.com",
            "password": "passeEdgar",
            "date": "2022-03-06 23:29:48"
        },
        {
            "email": "Edgar@gmail.com",
            "password": "passeEdgar",
            "date": "2022-03-06 23:30:10"
        },
        {
            "email": "Edgar@gmail.com",
            "password": "passeEdgar",
            "date": "2022-03-06 23:31:51"
        },
        {
            "email": "Edgar@gmail.com",
            "password": "passeEdgar",
            "date": "2022-03-06 23:33:47"
        },
        {
            "email": "Edgar@gmail.com",
            "password": "passeEdgar",
            "date": "2022-03-06 23:34:52"
        },
        {
            "email": "Edgar@gmail.com",
            "password": "passeEdgar",
            "date": "2022-03-06 23:35:09"
        },
        {
            "email": "Edgar@gmail.com",
            "password": "passeEdgar",
            "date": "2022-03-06 23:35:13"
        },
        {
            "email": "Edgar@gmail.com",
            "password": "passeEdgar",
            "date": "2022-03-06 23:35:46"
        },
        {
            "email": "Edgar@gmail.com",
            "password": "passeEdgar",
            "date": "2022-03-06 23:37:19"
        },
        {
            "email": "Edgar@gmail.com",
            "password": "passeEdgar",
            "date": "2022-03-06 23:41:16"
        },
        {
            "email": "Edgar@gmail.com",
            "password": "passeEdgar",
            "date": "2022-03-06 23:42:22"
        },
        {
            "email": "Edgar@gmail.com",
            "password": "passeEdgar",
            "date": "2022-03-06 23:42:35"
        },
        {
            "email": "Edgar@gmail.com",
            "password": "passeEdgar",
            "date": "2022-03-07 00:26:45"
        },
        {
            "email": "Edgar@gmail.com",
            "password": "passeEdgar",
            "date": "2022-03-07 00:26:57"
        },
        {
            "email": "Edgar@gmail.com",
            "password": "passeEdgar",
            "date": "2022-03-07 00:27:53"
        },
        {
            "email": "Edgar@gmail.com",
            "password": "passeEdgar",
            "date": "2022-03-07 00:27:58"
        },
        {
            "email": "Edgar@gmail.com",
            "password": "passeEdgar",
            "date": "2022-03-07 00:34:02"
        },
        {
            "email": "Edgar@gmail.com",
            "password": "passeEdgar",
            "date": "2022-03-07 00:38:23"
        },
        {
            "email": "Edgar@gmail.com",
            "password": "passeEdgar",
            "date": "2022-03-07 00:38:30"
        },
        {
            "email": "Edgar@gmail.com",
            "password": "passeEdgar",
            "date": "2022-03-07 00:38:50"
        },
        {
            "email": "Edgar@gmail.com",
            "password": "passeEdgar",
            "date": "2022-03-07 00:41:09"
        },
        {
            "email": "Edgar@gmail.com",
            "password": "passeEdgar",
            "date": "2022-03-07 00:42:27"
        },
        {
            "email": "Edgar@gmail.com",
            "password": "passeEdgar",
            "date": "2022-03-07 00:47:25"
        },
        {
            "email": "Edgar@gmail.com",
            "password": "passeEdgar",
            "date": "2022-03-07 00:47:31"
        },
        {
            "email": "Edgar@gmail.com",
            "password": "passeEdgar",
            "date": "2022-03-07 00:48:19"
        },
        {
            "email": "Edgar@gmail.com",
            "password": "passeEdgar",
            "date": "2022-03-07 00:56:39"
        },
        {
            "email": "Edgar@gmail.com",
            "password": "passeEdgar",
            "date": "2022-03-07 01:03:33"
        },
        {
            "email": "Edgar@gmail.com",
            "password": "passeEdgar",
            "date": "2022-03-07 01:04:17"
        },
        {
            "email": "Edgar@gmail.com",
            "password": "passeEdgar",
            "date": "2022-03-07 01:04:33"
        },
        {
            "email": "Edgar@gmail.com",
            "password": "passeEdgar",
            "date": "2022-03-07 01:04:35"
        },
        {
            "email": "Edgar@gmail.com",
            "password": "passeEdgar",
            "date": "2022-03-07 01:04:37"
        },
        {
            "email": "Edgar@gmail.com",
            "password": "passeEdgar",
            "date": "2022-03-07 01:04:41"
        },
        {
            "email": "Edgar@gmail.com",
            "password": "passeEdgar",
            "date": "2022-03-07 01:05:35"
        },
        {
            "email": "Edgar@gmail.com",
            "password": "passeEdgar",
            "date": "2022-03-07 01:05:50"
        },
        {
            "email": "Edgar@gmail.com",
            "password": "passeEdgar",
            "date": "2022-03-07 01:06:09"
        },
        {
            "email": "Edgar@gmail.com",
            "password": "passeEdgar",
            "date": "2022-03-07 01:07:16"
        },
        {
            "email": "Edgar@gmail.com",
            "password": "passeEdgar",
            "date": "2022-03-12 13:06:02"
        },
        {
            "email": "Edgar@gmail.com",
            "password": "passeEdgar",
            "date": "2022-03-12 13:09:03"
        },
        {
            "email": "Edgar@gmail.com",
            "password": "passeEdgar",
            "date": "2022-03-12 13:09:42"
        },
        {
            "email": "Edgar@gmail.com",
            "password": "passeEdgar",
            "date": "2022-03-12 13:10:10"
        },
        {
            "email": "Edgar@gmail.com",
            "password": "passeEdgar",
            "date": "2022-03-12 13:11:02"
        },
        {
            "email": "Edgar@gmail.com",
            "password": "passeEdgar",
            "date": "2022-03-12 13:29:57"
        },
        {
            "email": "Edgar@gmail.com",
            "password": "passeEdgar",
            "date": "2022-03-12 13:35:12"
        },
        {
            "email": "Edgar@gmail.com",
            "password": "passeEdgar",
            "date": "2022-03-12 13:37:10"
        },
        {
            "email": "Edgar@gmail.com",
            "password": "passeEdgar",
            "date": "2022-03-12 13:40:04"
        },
        {
            "email": "Edgar@gmail.com",
            "password": "passeEdgar",
            "date": "2022-03-12 13:42:32"
        },
        {
            "email": "Edgar@gmail.com",
            "password": "passeEdgar",
            "date": "2022-03-12 14:08:04"
        },
        {
            "email": "Edgar@gmail.com",
            "password": "passeEdgar",
            "date": "2022-03-12 14:13:08"
        },
        {
            "email": "Edgar@gmail.com",
            "password": "passeEdgar",
            "date": "2022-03-12 14:15:45"
        },
        {
            "email": "Edgar@gmail.com",
            "password": "passeEdgar",
            "date": "2022-03-12 14:15:54"
        },
        {
            "email": "Edgar@gmail.com",
            "password": "passeEdgar",
            "date": "2022-03-12 14:16:18"
        },
        {
            "email": "Edgar@gmail.com",
            "password": "passeEdgar",
            "date": "2022-03-12 14:23:27"
        },
        {
            "email": "Edgar@gmail.com",
            "password": "passeEdgar",
            "date": "2022-03-12 14:24:56"
        },
        {
            "email": "Edgar@gmail.com",
            "password": "passeEdgar",
            "date": "2022-03-12 14:32:56"
        },
        {
            "email": "Edgar@gmail.com",
            "password": "passeEdgar",
            "date": "2022-03-15 23:47:30"
        },
        {
            "email": "Edgar@gmail.com",
            "password": "passeEdgar",
            "date": "2022-03-16 14:00:30"
        },
        {
            "email": "Edgar@gmail.com",
            "password": "passeEdgar",
            "date": "2022-03-16 14:14:53"
        },
        {
            "email": "Edgar@gmail.com",
            "password": "passeEdgar",
            "date": "2022-03-16 14:35:36"
        }
    ]
}